ID,latitude,longitude
1,-34.96008364,138.7130874
2,-34.949875,138.644684
3,-34.905263,138.712428
4,-34.910748,138.729732
5,-34.77,138.68
6,-34.96135419,138.7140404
7,-35.01357495,138.7325835
8,-35.01460303,138.7368536
9,-34.90314787,138.7040462
10,-35.36224168,138.4979961
11,-34.91432068,138.7085057
12,-34.98226196,138.7418987
13,-34.98549264,138.7429679
14,-35.0635056,138.6517284
15,-35.01305651,138.7426472
16,-35.00526194,138.7291681
17,-34.922005,138.694785
18,-35.04715894,138.7788899
19,-34.960326,138.689141
20,-34.959166,138.682538
21,-35.7910393,137.2643852
22,-35.04043267,138.5191333
23,-34.94412766,138.8146192
24,-34.935891,138.696028
25,-34.7141323,138.7935034
26,-34.71412348,138.7935034
27,-34.92409107,138.8068789
28,-34.934261,138.694837
29,-34.93469,138.695518
30,-34.934256,138.694652
31,-35.0215093,138.6197591
32,-34.858336,138.721283
33,-34.96017596,138.7117622
34,-34.94337564,138.8148859
35,-34.83398993,138.746881
36,-34.80828901,138.6189078
37,-34.899492,138.697716
38,-34.90336784,138.7022974
39,-34.957276,138.681846
40,-34.960428,138.688047
41,-34.98077495,138.7354873
42,-34.903216,138.706732
43,-35.01358373,138.7325835
44,-35.01553444,138.6699449
45,-35.01581123,138.6693137
46,-34.8044184,138.7225378
47,-35.01930393,138.6636471
48,-34.959878,138.686425
49,-35.1054889,138.5731601
50,-34.902588,138.701629
51,-34.9453413,138.8147909
52,-35.01605287,138.6595379
53,-34.957242,138.681769
54,-34.962215,138.686074
55,-34.957771,138.674968
56,-35.03923274,138.6044332
57,-34.934369,138.703767
58,-35.01892611,138.6656282
59,-35.045661,138.596418
60,-35.16996813,138.8377663
61,-34.998584,138.752004
62,-35.007663,138.687306
63,-34.98085548,138.7418987
64,-35.00336701,138.6456513
65,-34.960294,138.689134
66,-34.931085,138.685117
67,-34.95230618,138.814233
68,-34.94456721,138.722689
69,-34.9455346,138.7214981
70,-34.89148625,138.6829912
71,-34.95815,138.685502
72,-34.8861111,138.6402778
73,-35.0420194,138.62175
74,-35.0054355,138.72938
75,-34.8337222,138.7462472
76,-34.8312423,138.7489839
77,-34.959827,138.686151
78,-34.959685,138.684085
79,-34.922862,138.686917
80,-35.005999,138.686589
81,-34.94768058,138.8137609
82,-34.958064,138.686438
83,-34.939016,138.70681
84,-34.958301,138.686715
85,-34.934034,138.70358
86,-34.93601,138.705372
87,-34.936353,138.705558
88,-34.922052,138.694766
89,-34.958363,138.686784
90,-34.925921,138.689321
91,-34.925786,138.688938
92,-34.98029147,138.7349724
93,-34.98552614,138.6429208
94,-34.98612387,138.6425077
95,-34.958171,138.686654
96,-34.900323,138.69958
97,-34.949875,138.644684
98,-34.933403,138.702955
99,-34.903209,138.706547
100,-35.028896,138.738152
101,-34.90320506,138.7054637
102,-34.918652,138.739144
103,-34.82366825,138.7650222
104,-34.8718083,138.7059944
105,-34.9881444,138.7309111
106,-34.8717833,138.706025
107,-34.8717194,138.7061
108,-34.8427152,138.8336883
109,-34.8720194,138.7059778
110,-35.015547,138.603001
111,-35.018036,138.606605
112,-34.89629761,138.6213925
113,-34.94608865,138.7209914
114,-34.9804497,138.7360094
115,-34.98076616,138.7356697
116,-35.01743239,138.7176453
117,-34.9501083,138.6701056
118,-35.01752904,138.6580037
119,-35.13,138.89
120,-35.0249839,138.5848429
121,-34.80832649,138.7199779
122,-34.80828245,138.7199135
123,-34.9237315,138.8075973
124,-34.91464072,138.7083747
125,-34.918578,138.73936
126,-35.01931272,138.6645339
127,-35.01578048,138.6597488
128,-34.96088378,138.712905
129,-34.936272,138.705542
130,-34.997637,138.751413
131,-34.933427,138.702952
132,-34.83099571,135.6868172
133,-34.98045849,138.7359594
134,-34.95323597,138.6556263
135,-34.94583361,138.8155711
136,-34.949875,138.644684
137,-34.960448,138.688346
138,-35.0183462,138.659663
139,-34.918606,138.739259
140,-34.951661,138.649697
141,-35.010789,138.646687
142,-34.958069,138.676111
143,-34.927277,138.690133
144,-34.927018,138.688855
145,-34.960046,138.687198
146,-34.960493,138.688269
147,-34.876156,138.698543
148,-35.0707583,138.6080333
149,-35.01892611,138.6614225
150,-34.933808,138.703357
151,-35.005043,138.643695
152,-34.936021,138.696098
153,-34.96,138.73
154,-35.005996,138.761183
155,-35.005843,138.762322
156,-35.005843,138.762322
157,-35.03,138.61
158,-34.9337056,138.673125
159,-34.9334972,138.6729889
160,-34.8613667,138.6993417
161,-34.96720992,138.6400795
162,-34.863355,138.6763048
163,-35.024363,138.745098
164,-35.02224578,138.7405963
165,-34.92158397,138.7111259
166,-35.02557086,138.5659215
167,-34.9938611,138.6218417
168,-34.8640977,138.7210329
169,-34.86521129,138.7297897
170,-34.86348588,138.7227945
171,-34.93633621,138.6680406
172,-35.03656314,138.7541591
173,-34.8,138.73
174,-35.00906089,138.614494
175,-35.0305508,138.7412095
176,-35.0089917,138.6341083
177,-35.005275,138.6434639
178,-35.0051,138.6437528
179,-35.0047806,138.6443333
180,-35.01061364,138.7400965
181,-35.01057234,138.7400214
182,-35,138.74
183,-34.803944,138.731311
184,-35.0351423,138.6756247
185,-34.84276057,138.6687469
186,-35.05424027,138.7606186
187,-34.95057188,138.6942204
188,-34.95093506,138.6940842
189,-34.92320365,138.6511747
190,-35.05079847,138.5825364
191,-34.87808555,138.7075572
192,-35.0611957,138.7245773
193,-35.08,138.6
194,-34.9478444,138.6750944
195,-34.9442361,138.6720722
196,-34.9383889,138.6701361
197,-34.91174486,138.7081071
198,-34.96963649,138.7674952
199,-34.97041544,138.7684964
200,-34.90338104,138.7023512
201,-34.90311707,138.7031773
202,-34.90322266,138.7027957
203,-34.90328865,138.7065239
204,-34.90320946,138.7043031
205,-34.90255834,138.7014224
206,-34.96389222,138.6894154
207,-35.00563718,138.7216054
208,-34.91173342,138.7079261
209,-34.94954826,138.6876139
210,-35.0113962,138.7752355
211,-34.99672836,138.7209699
212,-34.9085167,138.8301556
213,-34.99674594,138.7210078
214,-34.99741389,138.7199349
215,-35.085,138.5711111
216,-35.02,138.71
217,-35.02664118,138.6318117
218,-35.0271815,138.631919
219,-35.00855824,138.6365538
220,-34.70842162,138.808136
221,-35.00368975,138.6434417
222,-35.00368975,138.6434417
223,-35.0119639,138.7429806
224,-35.0304699,138.7401699
225,-34.9031879,138.7024673
226,-34.90318834,138.7026762
227,-34.90310431,138.7024432
228,-34.95026579,138.6925852
229,-34.95644228,138.7026082
230,-35.0098118,138.7379839
231,-34.95077487,138.6922552
232,-35.01643734,138.7308797
233,-34.94031057,138.7385283
234,-35.08395558,138.5980225
235,-34.8445836,138.7102235
236,-34.990548,138.634943
237,-34.98849275,138.7310117
238,-34.98861581,138.7308133
239,-34.87953563,138.64848
240,-34.93814874,138.855512
241,-34.96418539,138.6301231
242,-34.9174778,138.6949167
243,-34.960132,138.7109612
244,-34.84287504,138.7192905
245,-34.88212011,138.8877279
246,-34.935846,138.70535
247,-34.98538111,138.6430388
248,-34.87615,138.69852
249,-34.8142,138.730605
250,-34.936011,138.705366
251,-35.009834,138.625108
252,-34.930494,138.684514
253,-34.928966,138.691954
254,-34.929441,138.691786
255,-34.929588,138.691263
256,-34.93008,138.690179
257,-34.927791,138.691018
258,-34.927176,138.690182
259,-34.925843,138.689033
260,-34.925927,138.689451
261,-34.923402,138.695728
262,-34.92234,138.696784
263,-34.923352,138.696534
264,-34.923896,138.695642
265,-34.920976,138.6941
266,-34.887033,138.838362
267,-34.88708,138.838641
268,-34.821639,138.883947
269,-35.067025,138.60788
270,-34.954298,138.729628
271,-35.018548,138.679863
272,-34.991946,138.680018
273,-34.992115,138.679358
274,-34.992072,138.680129
275,-34.992093,138.680124
276,-35.005274,138.637929
277,-35.005229,138.637928
278,-35.006263,138.637887
279,-35.006271,138.640374
280,-35.006135,138.641312
281,-35.005272,138.64343
282,-35.00499,138.643847
283,-35.005482,138.646759
284,-35.005444,138.646768
285,-35.00597,138.647483
286,-35.009023,138.652029
287,-35.011359,138.652957
288,-35.012102,138.655216
289,-35.012016,138.655228
290,-35.007296,138.661388
291,-35.007502,138.660731
292,-35.007595,138.6599
293,-35.00717,138.65937
294,-35.006819,138.659508
295,-35.00677,138.659522
296,-35.005424,138.660109
297,-35.004734,138.659135
298,-35.004399,138.649645
299,-35.004434,138.646534
300,-35.004347,138.645794
301,-35.01448,138.652124
302,-35.015605,138.652893
303,-35.016233,138.653394
304,-35.016944,138.658016
305,-35.01542,138.657661
306,-35.015089,138.656345
307,-35.014711,138.656821
308,-35.014276,138.656959
309,-35.01424,138.656955
310,-35.012593,138.655736
311,-35.012638,138.655747
312,-35.011765,138.651963
313,-35.008632,138.648022
314,-35.008624,138.648025
315,-34.913517,138.699854
316,-34.911606,138.698954
317,-34.909314,138.69958
318,-34.910626,138.704883
319,-34.910905,138.704927
320,-34.91136,138.704205
321,-34.913835,138.701317
322,-35.005502,138.728041
323,-35.005527,138.727991
324,-35.008661,138.742267
325,-34.968535,138.656505
326,-34.966803,138.655077
327,-34.966815,138.654866
328,-34.964032,138.656868
329,-34.965627,138.656767
330,-35.030235,138.656549
331,-35.030198,138.656413
332,-35.029746,138.656433
333,-35.029043,138.657
334,-35.030754,138.657184
335,-35.028958,138.656433
336,-35.02861,138.656144
337,-34.999227,138.688182
338,-35.011019,138.633406
339,-35.011179,138.629647
340,-35.014951,138.628394
341,-35.952429,136.736547
342,-35.949828,136.739608
343,-35.949958,136.739417
344,-34.696244,138.83793
345,-35.007916,138.736312
346,-34.93459,138.703544
347,-34.934959,138.704212
348,-34.935104,138.7044
349,-34.936231,138.705598
350,-34.950497,138.678264
351,-34.951117,138.679131
352,-34.951189,138.671759
353,-34.949701,138.675292
354,-34.953818,138.682141
355,-34.954093,138.684122
356,-34.953965,138.685198
357,-34.953499,138.686078
358,-34.95372,138.688604
359,-34.954256,138.690092
360,-34.95585,138.692726
361,-34.95611,138.693319
362,-34.956345,138.693644
363,-34.956303,138.693672
364,-34.956246,138.693683
365,-34.957269,138.694378
366,-34.957819,138.694816
367,-34.957819,138.694816
368,-34.95779,138.694787
369,-34.958084,138.695882
370,-34.958666,138.696951
371,-34.95871,138.698087
372,-34.958746,138.69809
373,-34.958693,138.698841
374,-34.959369,138.700078
375,-34.96171,138.700798
376,-34.963109,138.700416
377,-34.965614,138.70433
378,-34.964841,138.701354
379,-34.964187,138.700254
380,-34.964196,138.700303
381,-34.964236,138.700252
382,-34.961959,138.694987
383,-34.961499,138.693634
384,-34.959122,138.692123
385,-34.959295,138.691523
386,-34.958675,138.690001
387,-34.95681,138.686671
388,-34.957101,138.68648
389,-34.955478,138.680771
390,-34.954961,138.676505
391,-34.956513,138.682721
392,-34.958115,138.686597
393,-34.958136,138.686761
394,-34.959948,138.686439
395,-34.959865,138.686075
396,-34.959569,138.68478
397,-34.958451,138.679334
398,-34.959369,138.67785
399,-34.960296,138.679172
400,-34.962988,138.681055
401,-34.962745,138.681625
402,-34.961897,138.683427
403,-34.962598,138.686654
404,-34.963326,138.698286
405,-34.963259,138.698231
406,-34.963173,138.697802
407,-34.962952,138.698168
408,-34.960504,138.710076
409,-34.960273,138.709831
410,-34.960285,138.709809
411,-34.960161,138.709655
412,-34.959954,138.709203
413,-34.956319,138.699388
414,-34.9566,138.697209
415,-34.957049,138.697586
416,-34.957099,138.697654
417,-34.957108,138.697644
418,-34.955024,138.698721
419,-34.954799,138.698502
420,-34.954453,138.697832
421,-34.954453,138.697832
422,-34.954203,138.697311
423,-34.956099,138.695715
424,-34.956088,138.695691
425,-34.957792,138.696806
426,-34.958032,138.697431
427,-34.958141,138.697918
428,-34.958141,138.697918
429,-34.958078,138.697425
430,-34.957158,138.696348
431,-34.957362,138.695307
432,-34.957262,138.694874
433,-34.95757,138.694882
434,-34.95757,138.694882
435,-34.957762,138.695063
436,-34.953882,138.689355
437,-34.953454,138.685959
438,-34.953687,138.685832
439,-34.949715,138.67565
440,-34.972298,138.664781
441,-34.972658,138.669363
442,-34.975245,138.672619
443,-34.974439,138.673194
444,-34.973181,138.679616
445,-34.973118,138.67957
446,-34.972595,138.679165
447,-34.97106,138.677628
448,-34.962917,138.670125
449,-34.966731,138.654777
450,-34.965287,138.665144
451,-34.965289,138.665199
452,-34.964298,138.665819
453,-34.965635,138.656578
454,-34.962982,138.657998
455,-34.963052,138.660255
456,-34.964751,138.673224
457,-34.964742,138.673242
458,-34.978806,138.686499
459,-34.981007,138.672177
460,-34.977133,138.675766
461,-34.97614,138.674725
462,-34.97366,138.666494
463,-35.01026,138.640032
464,-35.000518,138.751616
465,-34.999562,138.75149
466,-34.998268,138.750872
467,-34.997986,138.750714
468,-34.997397,138.751052
469,-34.997411,138.751071
470,-34.997698,138.751801
471,-35.084921,138.613707
472,-35.084287,138.613402
473,-35.084341,138.613391
474,-35.084274,138.613316
475,-34.871491,138.707816
476,-34.872264,138.706027
477,-34.872271,138.705727
478,-34.872342,138.705515
479,-34.872401,138.704876
480,-34.872377,138.704973
481,-34.903228,138.702514
482,-34.99094,138.659217
483,-34.988622,138.656434
484,-34.997817,138.627768
485,-35.01178,138.651982
486,-35.011825,138.652114
487,-35.012628,138.655739
488,-35.012051,138.654018
489,-35.009686,138.650708
490,-35.009703,138.65277
491,-34.91307,138.725536
492,-34.910775,138.729743
493,-34.910808,138.729727
494,-34.827568,138.765443
495,-34.827319,138.766712
496,-34.827556,138.765439
497,-34.879964,138.648821
498,-34.87627,138.64817
499,-34.876594,138.648329
500,-34.882847,138.654291
501,-35.048951,138.600108
502,-35.049117,138.609313
503,-35.048416,138.610953
504,-35.049947,138.608271
505,-35.004542,138.670256
506,-35.004139,138.67087
507,-35.004144,138.670838
508,-35.002833,138.671575
509,-35.004541,138.670797
510,-35.00349,138.671238
511,-35.004063,138.672175
512,-35.010858,138.625191
513,-34.963421,138.670741
514,-34.972068,138.678492
515,-34.973127,138.679555
516,-35.004616,138.637821
517,-35.005502,138.638043
518,-35.006634,138.638562
519,-35.00594,138.641997
520,-35.005824,138.642319
521,-35.005387,138.64309
522,-35.005043,138.643726
523,-35.005022,138.644423
524,-35.004072,138.646002
525,-35.004537,138.649897
526,-35.005262,138.654743
527,-35.004458,138.658302
528,-35.004622,138.658861
529,-35.006666,138.659478
530,-35.007127,138.659515
531,-35.007325,138.659443
532,-35.007413,138.661963
533,-35.008864,138.668348
534,-35.00922,138.669502
535,-35.012433,138.656988
536,-35.011921,138.654879
537,-35.011693,138.654137
538,-35.011051,138.652897
539,-35.00973,138.652358
540,-35.009816,138.653045
541,-35.009523,138.653118
542,-35.009289,138.647799
543,-35.009542,138.637499
544,-35.001979,138.638002
545,-34.99949,138.650832
546,-35.004557,138.653987
547,-35.004611,138.654684
548,-35.004651,138.654686
549,-35.006087,138.65564
550,-35.00547,138.655757
551,-35.004837,138.655782
552,-35.004702,138.659083
553,-35.005181,138.660087
554,-35.00488,138.659693
555,-35.005445,138.660047
556,-35.006529,138.659466
557,-35.0067,138.659453
558,-35.006723,138.659443
559,-35.007056,138.65948
560,-35.051306,138.687007
561,-35.051584,138.68691
562,-35.052516,138.687889
563,-35.008824,138.668061
564,-35.008832,138.668074
565,-35.00857,138.667866
566,-35.007491,138.661998
567,-35.007453,138.659398
568,-35.007401,138.659391
569,-35.006672,138.659539
570,-35.005384,138.659725
571,-35.005426,138.659815
572,-35.004359,138.660061
573,-35.004359,138.659999
574,-35.00423,138.659954
575,-35.005568,138.658896
576,-35.005886,138.658764
577,-35.00664,138.658175
578,-35.006623,138.658175
579,-35.007022,138.658598
580,-35.008134,138.660452
581,-35.00809,138.660318
582,-35.008137,138.661454
583,-35.008745,138.663926
584,-35.008791,138.666503
585,-35.008715,138.7249
586,-35.029282,138.754314
587,-34.990876,138.676045
588,-34.991757,138.680898
589,-34.991361,138.678463
590,-34.991361,138.678463
591,-34.991383,138.681332
592,-34.975981,138.66944
593,-34.973237,138.669243
594,-34.90425,138.743453
595,-34.924984,138.66748
596,-34.998199,138.75084
597,-34.997663,138.750626
598,-34.997556,138.750702
599,-34.997613,138.750952
600,-34.997535,138.751156
601,-34.997345,138.752345
602,-34.999705,138.751511
603,-35.00593,138.753158
604,-35.007223,138.754108
605,-35.054583,138.651226
606,-34.90324,138.702614
607,-34.930922,138.675108
608,-34.930994,138.674994
609,-34.931008,138.67503
610,-35.00743,138.637321
611,-35.005974,138.641985
612,-35.007489,138.644811
613,-35.008541,138.638411
614,-35.008486,138.637409
615,-35.008479,138.637395
616,-34.951485,138.687165
617,-34.9518,138.686411
618,-34.951268,138.681889
619,-34.950117,138.680791
620,-34.948754,138.679579
621,-34.961958,138.694812
622,-34.958299,138.686684
623,-34.959906,138.686398
624,-34.959557,138.684828
625,-34.89258,138.683763
626,-34.896177,138.685471
627,-34.902176,138.686939
628,-34.897152,138.694647
629,-34.90223,138.686888
630,-34.902329,138.686852
631,-34.902324,138.686856
632,-34.895034,138.691021
633,-34.895084,138.690996
634,-35.00698,138.754016
635,-35.012647,138.765963
636,-34.989688,138.681229
637,-34.991684,138.678133
638,-34.991605,138.678162
639,-34.990923,138.676145
640,-34.923356,138.680671
641,-34.820581,138.888645
642,-34.954649,138.700337
643,-34.956833,138.697244
644,-34.957563,138.699709
645,-34.958162,138.698963
646,-34.95815,138.698122
647,-34.958141,138.698
648,-34.958083,138.697326
649,-34.957092,138.696242
650,-34.956275,138.695727
651,-34.956085,138.695487
652,-34.95601,138.695558
653,-34.955759,138.695655
654,-34.955185,138.696083
655,-34.954419,138.69777
656,-34.954513,138.698167
657,-34.954883,138.698534
658,-34.953863,138.698491
659,-34.873533,138.759296
660,-35.004603,138.637448
661,-35.00548,138.63804
662,-35.006683,138.638588
663,-35.005882,138.641898
664,-35.005791,138.642219
665,-35.005322,138.643076
666,-35.004878,138.644445
667,-35.004055,138.645911
668,-35.004475,138.649916
669,-35.005313,138.654697
670,-35.004409,138.658327
671,-35.004511,138.659041
672,-35.006561,138.659217
673,-35.00704,138.659437
674,-35.007253,138.659511
675,-35.007421,138.661929
676,-35.008877,138.668279
677,-35.009197,138.669401
678,-35.012348,138.65686
679,-35.011959,138.654914
680,-35.011653,138.654133
681,-35.011282,138.652905
682,-35.011185,138.65286
683,-35.009726,138.652386
684,-35.009709,138.653124
685,-35.00943,138.653103
686,-35.009316,138.647787
687,-35.009588,138.637458
688,-35.014042,138.656965
689,-35.014431,138.656936
690,-35.015569,138.657262
691,-35.015437,138.657433
692,-35.015338,138.657656
693,-35.014422,138.659429
694,-35.012522,138.654132
695,-34.89267,138.683493
696,-34.894123,138.685257
697,-34.894008,138.687556
698,-34.896743,138.692088
699,-34.900442,138.699357
700,-34.900411,138.699454
701,-34.90268,138.701537
702,-34.902716,138.701585
703,-34.903136,138.702571
704,-34.899841,138.698594
705,-34.899875,138.69871
706,-34.90272,138.70172
707,-34.902782,138.701737
708,-34.902773,138.701695
709,-34.903075,138.702942
710,-34.903099,138.70295
711,-34.903245,138.706104
712,-34.903266,138.706679
713,-34.903156,138.703981
714,-34.903089,138.703827
715,-34.935181,138.657973
716,-34.935047,138.657349
717,-34.935049,138.657295
718,-35.008402,138.745394
719,-34.996164,138.637574
720,-35.00599,138.63845
721,-35.006038,138.638282
722,-35.006062,138.638133
723,-34.934915,138.698354
724,-34.934279,138.69844
725,-34.934434,138.697975
726,-34.933177,138.698006
727,-34.933228,138.698108
728,-34.933267,138.698086
729,-34.932772,138.697725
730,-34.932579,138.697661
731,-34.932303,138.697679
732,-34.932261,138.69759
733,-34.929726,138.693314
734,-34.929569,138.69329
735,-35.052177,138.620349
736,-35.009393,138.689879
737,-35.008422,138.688601
738,-35.007901,138.687806
739,-35.007858,138.6876
740,-35.007819,138.687431
741,-35.007611,138.686961
742,-35.007603,138.686936
743,-35.008327,138.688872
744,-35.008348,138.689028
745,-35.008316,138.689034
746,-35.008151,138.68904
747,-35.007879,138.688495
748,-35.007834,138.688436
749,-35.006914,138.687588
750,-34.97449,138.73028
751,-34.974518,138.730152
752,-34.974553,138.730041
753,-35.025559,138.684487
754,-35.042251,138.693786
755,-35.011364,138.652975
756,-35.012061,138.655334
757,-35.012569,138.656008
758,-35.012059,138.654236
759,-35.012039,138.654206
760,-35.011789,138.651922
761,-35.009065,138.652159
762,-35.008659,138.647994
763,-35.008624,138.648023
764,-35.008638,138.647939
765,-34.968077,138.676963
766,-35.006507,138.736759
767,-35.007365,138.736566
768,-34.875139,138.698563
769,-34.87515,138.698557
770,-34.876103,138.698675
771,-34.876081,138.698834
772,-34.880522,138.704502
773,-34.875713,138.704233
774,-34.875703,138.704303
775,-34.875972,138.704002
776,-34.868235,138.716758
777,-34.874187,138.71433
778,-34.876442,138.706698
779,-35.006063,138.655514
780,-35.005652,138.655687
781,-35.00467,138.659086
782,-35.012114,138.655386
783,-35.011999,138.655137
784,-35.011662,138.654335
785,-35.01121,138.652409
786,-35.010941,138.651654
787,-35.0096,138.652646
788,-35.009273,138.65244
789,-34.827248,138.743343
790,-34.826913,138.743673
791,-34.830749,138.742391
792,-35.018176,138.596975
793,-35.008443,138.637347
794,-35.007935,138.637143
795,-35.007656,138.636814
796,-34.904395,138.693021
797,-34.981997,138.624961
798,-35.001392,138.651448
799,-35.005896,138.653803
800,-35.005971,138.653792
801,-35.006202,138.653749
802,-35.007439,138.654343
803,-35.007455,138.654356
804,-35.007612,138.65604
805,-35.007082,138.656552
806,-35.006618,138.656976
807,-35.006331,138.657107
808,-35.002984,138.657462
809,-35.002968,138.657455
810,-35.00286,138.657244
811,-35.003394,138.653468
812,-35.003394,138.653468
813,-35.00309,138.652629
814,-35.002646,138.652174
815,-34.934346,138.656281
816,-34.935257,138.657312
817,-34.935131,138.656681
818,-34.936074,138.655661
819,-34.938936,138.653508
820,-34.831972,138.743502
821,-34.830455,138.744772
822,-34.830429,138.742646
823,-34.835297,138.735468
824,-34.913407,138.669983
825,-35.052742,138.610602
826,-35.056861,138.6197
827,-35.057385,138.616572
828,-35.054914,138.617123
829,-34.833863,138.743749
830,-34.832235,138.743525
831,-34.831182,138.744129
832,-34.831145,138.743749
833,-34.831121,138.743686
834,-34.990271,138.635326
835,-34.989867,138.63639
836,-34.99009,138.635947
837,-34.990341,138.635787
838,-35.00009,138.752355
839,-34.998832,138.752985
840,-34.997745,138.752854
841,-34.999535,138.751456
842,-34.998111,138.750688
843,-34.997582,138.750891
844,-34.997604,138.750846
845,-35.011733,138.716873
846,-35.01245,138.718197
847,-35.01324,138.717566
848,-35.014465,138.71644
849,-35.012732,138.716126
850,-35.012939,138.715933
851,-35.012961,138.715943
852,-35.012961,138.715943
853,-35.011886,138.7174
854,-35.012655,138.717183
855,-35.012321,138.718501
856,-35.013029,138.717585
857,-35.013502,138.717391
858,-35.014634,138.716427
859,-35.015711,138.715904
860,-35.016109,138.71758
861,-35.027145,138.631501
862,-35.031454,138.621731
863,-34.895994,138.698898
864,-34.895746,138.698354
865,-34.895705,138.69824
866,-35.02018,138.629517
867,-34.933178,138.693399
868,-34.934052,138.6943
869,-34.936194,138.696169
870,-34.937151,138.696635
871,-34.937654,138.696785
872,-34.937675,138.696785
873,-34.93512,138.697751
874,-34.899736,138.698476
875,-34.903327,138.702618
876,-34.903204,138.702578
877,-34.903205,138.702873
878,-34.902889,138.701826
879,-34.902801,138.701689
880,-34.902803,138.701666
881,-34.900332,138.699716
882,-34.899578,138.697821
883,-34.894054,138.685235
884,-34.999581,138.751287
885,-34.998301,138.750827
886,-34.997503,138.750645
887,-34.997576,138.750859
888,-34.997579,138.751066
889,-34.997959,138.751997
890,-34.998466,138.751935
891,-34.998673,138.751861
892,-35.009486,138.622149
893,-35.010461,138.622489
894,-35.010477,138.622498
895,-35.310899,138.680303
896,-35.310487,138.680646
897,-35.307377,138.688067
898,-34.951841,138.683922
899,-34.951806,138.684572
900,-34.950119,138.690964
901,-34.842651,138.866468
902,-34.962003,138.669971
903,-35.027515,138.636078
904,-35.027323,138.636196
905,-35.027299,138.636223
906,-35.027309,138.636188
907,-34.930783,138.671294
908,-34.930858,138.675105
909,-34.931638,138.667066
910,-35.0132,138.741041
911,-35.010709,138.748126
912,-34.999586,138.751306
913,-34.998131,138.750775
914,-34.997878,138.750759
915,-34.997662,138.751177
916,-34.953397,138.687529
917,-34.953751,138.689673
918,-34.952645,138.691362
919,-34.952588,138.691211
920,-34.952227,138.692136
921,-34.95222,138.692
922,-34.955006,138.699195
923,-34.955031,138.699279
924,-34.950292,138.674461
925,-34.950442,138.678306
926,-34.951346,138.678949
927,-34.954156,138.684039
928,-34.952455,138.691435
929,-34.952284,138.691697
930,-34.952345,138.693228
931,-34.952967,138.693919
932,-34.953115,138.694064
933,-34.953499,138.693704
934,-34.95612,138.69572
935,-34.957101,138.695738
936,-34.957475,138.695526
937,-34.957924,138.695167
938,-34.957045,138.694003
939,-34.956156,138.693207
940,-34.955798,138.69285
941,-35.035935,138.708594
942,-34.990442,138.635205
943,-34.990226,138.635639
944,-34.987347,138.641763
945,-34.990494,138.63608
946,-34.990286,138.636003
947,-34.990533,138.635247
948,-34.984653,138.626633
949,-34.866221,138.675763
950,-34.86606,138.682386
951,-34.987775,138.628652
952,-34.99037,138.635186
953,-34.990318,138.635368
954,-34.99053,138.635858
955,-34.990452,138.636105
956,-34.989547,138.63789
957,-34.982754,138.624043
958,-35.009657,138.690101
959,-35.008663,138.689332
960,-35.008069,138.688307
961,-35.007861,138.68749
962,-35.007683,138.687318
963,-35.007725,138.687496
964,-35.007728,138.687502
965,-35.008137,138.688867
966,-35.007847,138.688477
967,-35.007874,138.688353
968,-35.007623,138.688015
969,-35.007079,138.687525
970,-35.006931,138.687384
971,-35.006336,138.68687
972,-35.006041,138.686575
973,-35.00523,138.685194
974,-35.004892,138.684461
975,-35.004954,138.683581
976,-35.004952,138.683529
977,-35.005348,138.681436
978,-35.005423,138.681054
979,-35.005632,138.680703
980,-35.006077,138.680227
981,-35.006962,138.635988
982,-35.006185,138.637705
983,-35.002241,138.644104
984,-35.002216,138.644187
985,-35.00254,138.645438
986,-35.005543,138.638218
987,-34.949954,138.675595
988,-34.950475,138.678384
989,-34.953751,138.682099
990,-34.95412,138.683866
991,-34.953385,138.686749
992,-34.953641,138.688059
993,-34.955361,138.691412
994,-34.955981,138.692781
995,-34.956159,138.693192
996,-34.954293,138.689999
997,-34.956738,138.693794
998,-34.956942,138.693934
999,-34.958224,138.696211
1000,-34.958648,138.697061
1001,-34.958746,138.697309
1002,-34.958727,138.697748
1003,-34.958772,138.698691
1004,-34.958769,138.698683
1005,-34.958781,138.698686
1006,-34.95927,138.699887
1007,-34.959352,138.70005
1008,-34.959353,138.70005
1009,-34.959713,138.700495
1010,-34.959941,138.700461
1011,-34.961206,138.700726
1012,-34.961192,138.700825
1013,-34.961717,138.700769
1014,-34.961675,138.70078
1015,-34.962078,138.700359
1016,-34.963235,138.7004
1017,-34.963887,138.701346
1018,-34.963892,138.70136
1019,-34.964192,138.701611
1020,-34.875785,138.704442
1021,-34.875773,138.704197
1022,-34.874961,138.702107
1023,-34.87313,138.704122
1024,-34.843707,138.686565
1025,-35.00928,138.669686
1026,-35.009437,138.66229
1027,-35.010059,138.664279
1028,-35.00807,138.673531
1029,-35.007871,138.673349
1030,-35.016782,138.658557
1031,-35.00911,138.644402
1032,-35.00515,138.643714
1033,-35.005247,138.643432
1034,-35.005007,138.64456
1035,-35.019721,138.667021
1036,-35.019836,138.667029
1037,-35.019167,138.668055
1038,-35.019098,138.673075
1039,-35.021196,138.67362
1040,-35.01847,138.620492
1041,-34.949838,138.675474
1042,-34.95041,138.678131
1043,-34.950463,138.678128
1044,-34.953982,138.689661
1045,-34.955329,138.691537
1046,-34.955928,138.692786
1047,-34.958054,138.69592
1048,-34.958754,138.6975
1049,-34.958723,138.697752
1050,-34.958898,138.699096
1051,-34.959423,138.700025
1052,-34.959684,138.700345
1053,-34.961804,138.700816
1054,-34.962063,138.70061
1055,-34.963367,138.700599
1056,-34.963394,138.700569
1057,-34.96555,138.704397
1058,-34.965546,138.704363
1059,-34.959161,138.691756
1060,-34.960082,138.687233
1061,-34.959147,138.68252
1062,-34.891895,138.751443
1063,-34.887969,138.748924
1064,-35.045888,138.58992
1065,-35.109797,138.630455
1066,-35.109678,138.630503
1067,-34.949825,138.677366
1068,-34.950435,138.67839
1069,-34.951181,138.679086
1070,-34.956694,138.693755
1071,-34.95864,138.69702
1072,-34.958749,138.697325
1073,-34.958849,138.699006
1074,-34.959369,138.700012
1075,-34.959417,138.700012
1076,-34.959685,138.700292
1077,-34.961215,138.70075
1078,-34.961351,138.700803
1079,-34.961761,138.70067
1080,-34.962144,138.70018
1081,-34.964198,138.701662
1082,-35.038597,138.67174
1083,-35.037969,138.670733
1084,-35.036851,138.671254
1085,-35.036406,138.671864
1086,-34.961754,138.659617
1087,-34.960185,138.656411
1088,-34.959649,138.656247
1089,-34.985196,138.704038
1090,-35.007971,138.687577
1091,-35.007856,138.687407
1092,-35.008124,138.688281
1093,-35.008356,138.687106
1094,-35.00838,138.689117
1095,-35.007827,138.688496
1096,-35.007842,138.688414
1097,-35.006887,138.687545
1098,-35.006818,138.687431
1099,-35.006544,138.687181
1100,-35.006434,138.687019
1101,-35.00625,138.686831
1102,-35.005729,138.686486
1103,-35.005558,138.686272
1104,-35.005435,138.685782
1105,-35.00529,138.682373
1106,-35.005226,138.68236
1107,-35.005177,138.681527
1108,-35.005208,138.681586
1109,-35.005328,138.6814
1110,-35.005727,138.680634
1111,-35.007634,138.688
1112,-34.997881,138.637569
1113,-34.997937,138.640261
1114,-34.997955,138.642548
1115,-34.998016,138.642992
1116,-34.998002,138.643055
1117,-34.998022,138.642975
1118,-34.997983,138.642922
1119,-34.998862,138.643777
1120,-34.985044,138.727983
1121,-34.985209,138.728008
1122,-34.985338,138.728066
1123,-34.987087,138.72844
1124,-34.986455,138.732831
1125,-34.986426,138.732821
1126,-34.987284,138.730394
1127,-34.963864,138.652787
1128,-35.008512,138.739369
1129,-34.903294,138.706585
1130,-34.949772,138.675624
1131,-34.950345,138.677978
1132,-34.950522,138.678274
1133,-34.961625,138.694216
1134,-34.959006,138.691794
1135,-34.954283,138.67583
1136,-35.02363,138.611639
1137,-35.024625,138.61972
1138,-34.956876,138.735433
1139,-34.956953,138.73531
1140,-35.085935,138.592853
1141,-34.951404,138.679023
1142,-34.953248,138.680748
1143,-34.953959,138.67582
1144,-34.959701,138.684078
1145,-35.017072,138.611935
1146,-34.899684,138.697677
1147,-34.899662,138.697958
1148,-34.902818,138.701388
1149,-34.903301,138.702378
1150,-34.903412,138.702531
1151,-34.902878,138.703297
1152,-34.903221,138.706696
1153,-34.903255,138.706715
1154,-34.903132,138.703582
1155,-34.902713,138.702007
1156,-35.008534,138.75576
1157,-34.999433,138.751229
1158,-34.999528,138.751431
1159,-35.000056,138.752769
1160,-35.010205,138.637038
1161,-34.955878,138.703401
1162,-34.960544,138.71004
1163,-34.960474,138.710309
1164,-34.960642,138.711006
1165,-34.960659,138.710949
1166,-34.96099,138.713545
1167,-34.922864,138.686787
1168,-34.922957,138.686619
1169,-35.034034,138.594532
1170,-35.035711,138.594235
1171,-35.035681,138.594429
1172,-35.045938,138.736856
1173,-35.045788,138.736841
1174,-34.957969,138.73418
1175,-34.958098,138.734095
1176,-34.911412,138.729222
1177,-34.909256,138.705325
1178,-34.909855,138.7062
1179,-34.910318,138.706912
1180,-34.827797,138.886133
1181,-34.911225,138.773984
1182,-34.91116,138.774421
1183,-34.911973,138.771182
1184,-34.912823,138.768895
1185,-34.723636,138.825567
1186,-34.762821,138.754411
1187,-34.780234,138.711743
1188,-35.00901,138.689503
1189,-35.008958,138.689421
1190,-35.008879,138.689298
1191,-35.008858,138.689251
1192,-35.008145,138.688301
1193,-35.008137,138.688252
1194,-35.008152,138.688954
1195,-35.007992,138.688655
1196,-35.007868,138.688492
1197,-35.007544,138.688082
1198,-35.007217,138.687939
1199,-35.007018,138.68764
1200,-35.006842,138.687504
1201,-35.006741,138.687376
1202,-35.006663,138.687267
1203,-35.006189,138.686827
1204,-35.005203,138.685205
1205,-35.004919,138.684546
1206,-34.938326,138.674936
1207,-35.001189,138.699653
1208,-34.933104,138.674432
1209,-34.931385,138.674428
1210,-34.931394,138.674468
1211,-34.934968,138.674193
1212,-34.933542,138.67292
1213,-34.931677,138.673022
1214,-34.930819,138.675202
1215,-34.931251,138.676632
1216,-34.931358,138.676673
1217,-34.932765,138.676668
1218,-34.928546,138.683083
1219,-34.930499,138.684392
1220,-34.929969,138.694451
1221,-34.929964,138.694554
1222,-34.930082,138.69496
1223,-34.930426,138.696878
1224,-34.930766,138.696881
1225,-34.932195,138.697653
1226,-34.932663,138.698258
1227,-34.932681,138.698179
1228,-34.932804,138.698264
1229,-34.933325,138.698502
1230,-34.933804,138.698637
1231,-34.933838,138.698603
1232,-34.934328,138.698535
1233,-34.934391,138.698502
1234,-34.928259,138.69371
1235,-34.928108,138.693793
1236,-34.928139,138.69383
1237,-34.923573,138.692089
1238,-34.923422,138.691394
1239,-34.92328,138.690803
1240,-34.917077,138.679055
1241,-34.917286,138.679592
1242,-34.917306,138.67701
1243,-34.951314,138.671788
1244,-34.949931,138.675727
1245,-34.950369,138.678045
1246,-34.950486,138.678195
1247,-34.95335,138.680822
1248,-34.953891,138.682612
1249,-34.953458,138.68581
1250,-34.953543,138.686561
1251,-34.953631,138.686689
1252,-34.953876,138.688287
1253,-34.953782,138.689919
1254,-34.952653,138.691302
1255,-34.952155,138.693471
1256,-34.954587,138.575174
1257,-34.95315,138.69401
1258,-34.95357,138.69372
1259,-34.954364,138.696238
1260,-34.955906,138.699621
1261,-34.956342,138.697801
1262,-34.956354,138.697771
1263,-34.955759,138.698566
1264,-34.955661,138.698537
1265,-34.957677,138.700075
1266,-34.957538,138.696542
1267,-34.957602,138.696493
1268,-34.957782,138.695339
1269,-34.95785,138.69533
1270,-34.957927,138.695667
1271,-34.958766,138.698036
1272,-34.958782,138.69873
1273,-34.958868,138.69868
1274,-34.958811,138.698717
1275,-34.959378,138.700128
1276,-34.959384,138.700122
1277,-34.959408,138.700149
1278,-34.959957,138.70064
1279,-34.961256,138.700786
1280,-34.961759,138.700815
1281,-34.962531,138.700358
1282,-34.963313,138.7005
1283,-34.964128,138.701483
1284,-34.965642,138.704303
1285,-34.959058,138.691821
1286,-34.958154,138.686525
1287,-34.95816,138.686554
1288,-34.958329,138.68677
1289,-34.960474,138.688512
1290,-34.96049,138.688493
1291,-34.96011,138.687272
1292,-34.959828,138.686443
1293,-34.959703,138.684241
1294,-35.083504,138.537563
1295,-35.036381,138.683056
1296,-35.008524,138.73925
1297,-35.048226,138.69442
1298,-35.034438,138.681545
1299,-35.034513,138.68116
1300,-35.050488,138.676835
1301,-34.92973,138.717771
1302,-34.931424,138.718402
1303,-34.931446,138.718355
1304,-34.931161,138.71704
1305,-34.931152,138.71704
1306,-34.93092,138.716775
1307,-34.93057,138.716032
1308,-34.930833,138.719129
1309,-35.007542,138.63315
1310,-34.932269,138.702747
1311,-34.933537,138.703141
1312,-34.933816,138.703338
1313,-34.934205,138.703677
1314,-34.93701,138.705878
1315,-34.938384,138.706737
1316,-34.933179,138.708641
1317,-34.93288,138.708272
1318,-34.932627,138.708047
1319,-34.932878,138.708112
1320,-34.932903,138.708237
1321,-34.929759,138.704166
1322,-34.930122,138.702377
1323,-35.001366,138.619096
1324,-34.997449,138.63623
1325,-34.998041,138.639882
1326,-34.997992,138.641567
1327,-34.997895,138.641754
1328,-34.997933,138.642549
1329,-34.998897,138.647954
1330,-34.999909,138.650491
1331,-35.000636,138.650389
1332,-35.003024,138.647138
1333,-35.00306,138.647121
1334,-35.004357,138.649544
1335,-35.003111,138.646269
1336,-35.003102,138.646287
1337,-35.00207,138.637758
1338,-34.998103,138.636568
1339,-35.005746,138.638565
1340,-35.00574,138.638565
1341,-35.00644,138.633268
1342,-35.006495,138.633253
1343,-35.035959,138.708624
1344,-35.051527,138.686259
1345,-34.997516,138.751306
1346,-34.998557,138.751992
1347,-34.933433,138.702967
1348,-34.934355,138.703732
1349,-34.934584,138.703899
1350,-34.933047,138.70872
1351,-34.929996,138.694646
1352,-34.929488,138.693276
1353,-34.928273,138.693774
1354,-34.931104,138.684986
1355,-35.008684,138.713515
1356,-35.009343,138.714071
1357,-34.961943,138.648619
1358,-35.08347,138.610094
1359,-34.971481,138.638385
1360,-35.000778,138.727671
1361,-35.011278,138.631977
1362,-35.011278,138.631977
1363,-35.011278,138.631977
1364,-35.019833,138.667767
1365,-35.019833,138.667767
1366,-35.011678,138.631516
1367,-35.011678,138.631516
1368,-35.011678,138.631516
1369,-35.011678,138.631516
1370,-35.011678,138.631516
1371,-35.011678,138.631516
1372,-35.011678,138.631516
1373,-35.019833,138.667767
1374,-34.990285,138.635721
1375,-34.989453,138.637091
1376,-34.991139,138.633458
1377,-35.040622,138.752561
1378,-35.008809,138.68912
1379,-35.008792,138.689108
1380,-35.008784,138.689112
1381,-35.00874,138.689041
1382,-35.008454,138.688648
1383,-35.008295,138.68846
1384,-35.008143,138.688279
1385,-34.887732,138.709999
1386,-35.007626,138.636784
1387,-35.007458,138.637251
1388,-35.009277,138.64781
1389,-35.010068,138.64099
1390,-34.879925,138.648926
1391,-34.876139,138.648116
1392,-34.87653,138.648393
1393,-34.882765,138.654211
1394,-34.924149,138.697207
1395,-34.923686,138.697207
1396,-34.949841,138.675464
1397,-34.950411,138.678067
1398,-34.950416,138.678064
1399,-34.953812,138.682156
1400,-34.953559,138.686063
1401,-34.955335,138.6915
1402,-34.956333,138.693715
1403,-34.956928,138.693913
1404,-34.957114,138.694076
1405,-34.958023,138.695606
1406,-34.958256,138.696231
1407,-34.958564,138.696655
1408,-34.958693,138.697581
1409,-34.958688,138.69758
1410,-34.958798,138.698926
1411,-34.958832,138.699018
1412,-34.959333,138.699981
1413,-34.959326,138.700106
1414,-34.959967,138.700587
1415,-34.961231,138.700786
1416,-34.961262,138.700816
1417,-34.961804,138.700681
1418,-34.96331,138.700487
1419,-34.96392,138.70139
1420,-34.965632,138.704375
1421,-34.965652,138.704377
1422,-34.962996,138.699026
1423,-34.961648,138.694268
1424,-34.949953,138.675742
1425,-35.017355,138.74
1426,-34.98096,138.786522
1427,-35.059646,138.617367
1428,-35.059712,138.617367
1429,-34.874991,138.70524
1430,-34.950518,138.678101
1431,-34.950459,138.678124
1432,-34.951421,138.679024
1433,-34.95412,138.683812
1434,-34.953831,138.689875
1435,-34.953654,138.69047
1436,-34.952518,138.691377
1437,-34.952272,138.693411
1438,-34.952275,138.693394
1439,-34.953405,138.694052
1440,-34.953632,138.693627
1441,-34.956929,138.695752
1442,-34.957508,138.695634
1443,-34.957619,138.694996
1444,-34.957898,138.695627
1445,-34.9562,138.693297
1446,-34.955983,138.692801
1447,-34.955284,138.691383
1448,-34.859565,138.708717
1449,-34.979555,138.746184
1450,-34.980454,138.745528
1451,-34.981935,138.74342
1452,-34.98301,138.742629
1453,-34.9834,138.742383
1454,-35.008828,138.666718
1455,-35.02081,138.678778
1456,-35.018773,138.669917
1457,-35.018769,138.669898
1458,-35.018501,138.66932
1459,-35.041226,138.695128
1460,-35.030571,138.577875
1461,-35.030483,138.577862
1462,-35.03029,138.714181
1463,-34.922506,138.693455
1464,-34.922415,138.692883
1465,-34.922415,138.692883
1466,-34.921929,138.694212
1467,-35.013225,138.715542
1468,-35.008315,138.72629
1469,-35.008641,138.637357
1470,-35.154688,138.548406
1471,-35.15225,138.576434
1472,-35.158336,138.539531
1473,-35.137695,138.592205
1474,-35.1502,138.537747
1475,-34.999403,138.655419
1476,-35.021459,138.666611
1477,-35.021459,138.666611
1478,-35.00828,138.636818
1479,-35.010366,138.692461
1480,-35.00652,138.698822
1481,-35.006114,138.719079
1482,-34.963107,138.702276
1483,-34.953744,138.698065
1484,-34.953671,138.697786
1485,-34.904715,138.878831
1486,-35.008397,138.726508
1487,-35.008338,138.726507
1488,-35.00754,138.727124
1489,-35.005639,138.726996
1490,-35.005748,138.727385
1491,-35.007138,138.728226
1492,-35.009125,138.729732
1493,-35.008453,138.727934
1494,-35.013824,138.72326
1495,-34.993703,138.70417
1496,-34.961703,138.698284
1497,-34.962895,138.700479
1498,-35.147531,138.557084
1499,-35.038472,138.629423
